sta_id,network,station,latitude,longitude,elevation,starttime,endtime,site_name
4O.LWM1,4O,LWM1,31.2312,-103.63,826.8,2019-07-26 18:00:00.000,2030-11-04 20:44:14,Layne Water Midstream 1
4O.LWM2,4O,LWM2,31.2699,-103.5847,810.6,2019-07-26 18:00:00.000,2030-11-04 20:44:14,Layne Water Midstream 2
4O.PR01,4O,PR01,31.2365,-103.270332,826.0,2020-02-27 00:00:00.000,2030-11-04 20:44:14,Schlumberger 1
4O.DB04,4O,DB04,31.0664,-103.1054,868.0,2021-02-22 01:05:58.000,2030-11-04 20:44:14,Diamondback UB0004
4O.DB03,4O,DB03,31.1162,-103.078,839.0,2021-02-22 01:05:58.000,2030-11-04 20:44:14,Diamondback UB0003
4O.DB02,4O,DB02,31.1858,-103.1096,820.0,2021-02-22 01:05:58.000,2030-11-04 20:44:14,Diamondback UB0002
4O.WB01,4O,WB01,31.721667,-104.060278,927.0,2021-07-06 17:00:01.000,2023-11-04 19:57:52,Salt Mine 1
4O.MBBB1,4O,MBBB1,32.246247,-101.89107,855.0,2021-09-16 23:00:01.000,,4O-MBBB1
4O.CF01,4O,CF01,32.80184,-100.58318,640.0,2022-03-20 12:00:00.000,2030-11-04 20:44:14,Clear Fork Lonesome Dove WD No.1
4O.CT01,4O,CT01,31.90285,-104.144532,994.0,2022-02-25 21:22:39.064,2030-11-04 20:44:14,"""Z"""
4O.CT02,4O,CT02,31.95689,-104.122493,952.0,2022-02-25 21:22:39.320,2030-11-04 20:44:14,"""Z"""
4O.MID02,4O,MID02,32.1297,-102.1669,883.0,2021-12-07 00:19:49.000,2030-11-04 20:44:14,DiamondBack Midland 02
4O.MID03,4O,MID03,32.0121,-102.2109,874.0,2022-02-14 23:00:00.000,2030-11-04 20:44:14,Diamondback  03
4O.OP01,4O,OP01,32.43232,-101.36427,760.0,2021-11-21 19:00:01.000,2030-11-04 20:44:14,"Gravity/On Point, Hull SWD #1"
4O.PL01,4O,PL01,31.9948147,-103.3596294,949.0,2022-01-03 00:00:00.000,2030-11-04 20:44:14,PILOT
4O.SA02,4O,SA02,31.67163,-104.2649,1127.5,2021-12-07 12:00:00.000,2030-11-04 20:44:14,Saturn HM Philips State 94 Lease
4O.SA04,4O,SA04,31.75593,-104.25458,1092.1,2021-12-07 12:00:00.000,2030-11-04 20:44:14,Saturn Double C SWD Lease
4O.SA06,4O,SA06,31.75696,-104.14971,1048.2,2021-12-07 12:00:00.000,2030-11-04 20:44:14,Saturn I Take It All C SWD
4O.MBBB2,4O,MBBB2,32.053452,-102.073906,850.0,2022-03-10 00:00:00.000,,4O-MBBB2
4O.WB02,4O,WB02,31.7363019,-103.9449205,932.0,2022-05-10 19:00:00.000,2030-11-04 20:44:14,Waterbridge Causeway/Creole
4O.WB03,4O,WB03,31.6107215,-103.9688386,994.0,2022-05-10 19:00:00.000,2030-11-04 20:44:14,Waterbridge  BHS 56-8 1D
4O.SA07,4O,SA07,31.86578,-104.36481,1103.0,2022-07-31 17:00:00.000,2030-11-04 20:44:14,True Blue SWD
4O.SA09,4O,SA09,31.9998,-104.31933,1069.0,2022-07-31 20:00:00.000,2030-11-04 20:44:14,Stateline
4O.WB04,4O,WB04,31.530513,-103.950319,961.89,2022-08-26 19:00:00.000,2030-11-04 20:44:14,Waterbridge
4O.WB05,4O,WB05,31.7537807,-103.8329479,854.81,2022-08-26 19:00:00.000,2030-11-04 20:44:14,Waterbridge
4O.WB06,4O,WB06,31.9975481,-103.7187809,950.93,2022-08-26 19:00:00.000,2030-11-04 20:44:14,DB Ranch
4O.WB07,4O,WB07,31.99830925,-103.8016616,942.37,2022-08-26 19:00:00.000,2030-11-04 20:44:14,DB Ranch
4O.WB08,4O,WB08,31.96355,-103.759894,928.58,2022-08-26 19:00:00.000,2030-11-04 20:44:14,DB Ranch
4O.WB09,4O,WB09,31.96368917,-103.8032847,910.79,2022-08-26 19:00:00.000,2030-11-04 20:44:14,DB Ranch
4O.WB10,4O,WB10,31.93042,-103.7218932,910.9,2022-08-26 19:00:00.000,2030-11-04 20:44:14,DB Ranch
4O.WB11,4O,WB11,31.92770654,-103.8004139,905.0,2022-08-26 19:00:00.000,2030-11-04 20:44:14,DB Ranch
4O.WB12,4O,WB12,31.898132,-103.7642735,886.0,2022-08-26 19:00:00.000,2030-11-04 20:44:14,DB Ranch
4O.CV01,4O,CV01,31.8504,-104.0889,983.0,2022-11-08 18:13:10.000,2030-11-04 20:44:14,Chevron WTX40
4O.AT01,4O,AT01,31.80227,-101.73096,815.0,2023-01-22 18:00:00.000,2030-11-04 20:44:14,Shelby SWD #2
4O.MID01,4O,MID01,31.949,-102.2322,880.0,2023-02-17 17:10:00.000,2030-11-04 20:44:14,DiamondBack Midland 01
4O.BP01,4O,BP01,31.8409,-103.8244,806.0,2023-02-03 12:00:00.000,2030-11-04 20:44:14,BPX
4O.MO01,4O,MO01,32.5118,-101.4394,794.0,2023-03-05 18:00:00.000,2030-11-04 20:44:14,Outlaw SWD
4O.SM01,4O,SM01,32.1913,-101.9041,852.0,2023-06-01 00:00:00.000,2030-11-04 20:44:14,Saguaro SWD
4O.MBBB3,4O,MBBB3,31.843938,-101.709457,727.0,2023-01-19 00:00:00.000,,4O-MBBB3
4O.MBBB4,4O,MBBB4,31.830239,-101.89224,714.0,2023-01-19 00:00:00.000,,4O-MBBB4
4O.MBBB5,4O,MBBB5,32.282248,-102.082661,779.0,2023-01-20 00:00:00.000,,4O-MBBB5
4O.GV02,4O,GV02,32.35144,-101.39524,779.0,2023-07-09 20:49:36.000,2030-11-04 20:44:14,Long 350 SWD
4O.GV01,4O,GV01,32.4065,-101.6023,807.0,2023-07-09 20:50:49.000,,Knott SWD
4O.MG01,4O,MG01,32.402017,-101.952749,856.0,2023-10-01 00:00:00.000,,MAGUEY OPERATING
4O.SM03,4O,SM03,32.288,-101.8702,863.0,2023-12-10 00:00:00.000,,Corfu #2 SWD
4O.LWM3,4O,LWM3,31.4101,-103.608,821.0,2023-12-10 00:00:00.000,,Beaver/Goose
4O.GV03,4O,GV03,32.11,-101.6395,765.0,2024-02-05 00:00:00.000,,Lomax SWD
4O.HP01,4O,HP01,32.4498025,-101.2256703,736.0,2022-01-03 16:15:00.000,,High Peak
4O.CW01,4O,CW01,32.19525,-101.70247,764.0,2024-02-18 23:17:07.000,,Elk Creek SWD
4O.OE01,4O,OE01,32.48091,-101.75484,830.0,2024-03-20 20:20:23.000,,Ackerly SWD
4O.HP02,4O,HP02,32.52375611,-101.19830556,698.0,2024-04-11 15:40:58.000,,High Peak
4O.EE01,4O,EE01,32.244546,-102.038458,999.0,2024-05-30 12:00:00.000,2024-09-11 17:00:00,Endeavor
4O.EE02,4O,EE02,32.306603,-101.999498,999.0,2024-08-21 17:31:00.000,,Endeavor
4O.GV04,4O,GV04,32.3192,-101.8344,817.0,2024-08-20 15:18:32.000,,3601 SWD
4O.EE03,4O,EE03,31.61121,-101.761496,999.0,2024-09-11 17:15:00.000,,Endeavor
4O.EE04,4O,EE04,32.321635,-101.998815,999.0,2024-09-11 20:30:00.000,,Endeavor
4O.MBBB6,4O,MBBB6,31.917202,-101.92309,819.0,2024-07-24 00:00:00.000,,4O-MBBB6
4O.BW01,4O,BW01,32.35311,-101.25893,729.0,2024-09-23 00:00:00.000,,Seven 1XD
4O.BB01,4O,BB01,31.50891,-102.62554,804.0,2024-09-23 00:00:00.000,,Waterlogged 7SD
4O.SE01,4O,SE01,32.01531,-102.34196,898.0,2024-09-23 00:00:00.000,,Gardendale 8 SWD
4O.WW01,4O,WW01,31.769723,-103.90409,877.0,2024-09-17 15:10:40.000,,4O-WW01
4O.SM02,4O,SM02,32.3607,-102.1208,883.0,2023-11-08 18:13:20.000,2030-11-04 20:44:14,Capri #2 SWD
4O.SD01,4O,SD01,32.5455,-101.9796,877.0,2024-01-08 21:42:00.000,,Pula 29 SWD #1
4O.SM04,4O,SM04,32.4079,-102.111,880.0,2024-03-11 13:33:00.000,,Corsica SWD
4O.VW01,4O,VW01,31.5107,-103.3745,1000.0,2024-04-29 17:12:00.000,,Roxy SWD
4O.NGL01,4O,NGL01,32.2098,-102.9968,991.0,2024-10-08 00:00:00.000,,Bullhead 1-1
4O.NGL02,4O,NGL02,32.2301,-103.0443,993.0,2024-10-08 00:00:00.000,,Salty Dog 5
4O.OE02,4O,OE02,32.2168,-101.8231,845.0,2024-12-22 00:00:00.000,,Gipper SWD
4O.SM05,4O,SM05,32.30357,-102.155,889.0,2025-02-08 00:00:00.000,,Capri SWD (Proxy)
TX.PB08,TX,PB08,30.89174,-102.90736,926.0,2017-05-25 00:00:00.000,,Fort Stockton
TX.APMT,TX,APMT,33.32512,-100.12155,501.0,2016-12-17 00:00:00.000,,Aspermont
TX.DKNS,TX,DKNS,33.66653,-100.92365,843.0,2016-12-17 00:00:00.000,,Dickens
TX.FW16,TX,FW16,32.48187,-96.89716,193.0,2016-11-16 00:00:00.000,2021-10-08 17:00:00,Waxahatchie
TX.OZNA,TX,OZNA,30.92195,-101.12708,770.8392,2017-02-08 00:00:00.000,,Ozona
TX.POST,TX,POST,33.0662,-101.50105,788.6,2016-12-21 00:00:00.000,,Post
TX.SGCY,TX,SGCY,31.91436,-101.12639,776.0,2017-02-08 00:00:00.000,,Sterling City
TX.VHRN,TX,VHRN,30.786736,-104.985193,1253.0,2017-02-01 00:00:00.000,,Van Horn
TX.WTFS,TX,WTFS,33.76622,-98.46455,277.0,2016-12-15 00:00:00.000,,Witchita Falls
TX.PB01,TX,PB01,30.94367,-103.78112,1010.0,2017-09-13 00:00:00.000,,Balmorhea State Park
TX.BRDY,TX,BRDY,31.285872,-98.999447,460.0,2017-02-16 00:00:00.000,,Brady
TX.PB05,TX,PB05,30.91978,-103.3247,957.0,2016-11-05 00:00:00.000,,Permian Basin 5
TX.EF04,TX,EF04,29.21003,-97.78986,116.0,2017-12-20 00:00:00.000,,Eagle Ford 4
TX.PB11,TX,PB11,31.93553,-104.03412,915.0,2018-05-03 00:00:00.000,,China Draw
TX.EF03,TX,EF03,28.94704,-97.98036,96.0,2018-06-09 00:00:00.000,,Eagle Ford 3
TX.SN03,TX,SN03,32.92429,-100.94118,744.0,2017-03-09 00:00:00.000,,Snyder 3
TX.SN02,TX,SN02,32.86452,-100.91106,748.0,2017-03-09 00:00:00.000,,Snyder 2
TX.PB06,TX,PB06,31.6472,-103.21825,831.0,2017-10-11 00:00:00.000,,Pyote
TX.PB10,TX,PB10,31.283607,-103.754585,858.0,2018-10-17 00:00:00.000,,Southeast of Toyah
TX.PH03,TX,PH03,35.3574,-101.551399,1055.0,2018-10-26 00:00:00.000,,Pantex
TX.PB12,TX,PB12,31.2133,-103.9577,1011.9,2018-11-13 00:00:00.000,,Southwest of Toyah
TX.SN06,TX,SN06,32.87767,-100.93311,769.0,2017-03-09 00:00:00.000,2018-11-29 19:22:48,Snyder 6
TX.EF05,TX,EF05,28.989876,-97.517897,88.0,2018-11-07 00:00:00.000,,Yorktown
TX.EF02,TX,EF02,28.7755,-98.5311,97.6,2019-01-24 22:30:00.000,,Christine
TX.EF01,TX,EF01,29.12809,-98.38039,173.0,2017-07-19 00:00:00.000,2018-06-20 23:59:59,Floresville
TX.FW08,TX,FW08,32.48811,-97.11214,184.0,2018-05-25 00:00:00.000,2018-11-04 23:59:59,Lillian
TX.PH01,TX,PH01,35.57899,-101.703465,870.0,2018-10-25 00:00:00.000,2019-02-11 00:00:00,Abilates
TX.PH04,TX,PH04,35.23603,-101.912941,1062.0,2018-10-26 00:00:00.000,2019-02-11 00:00:00,Fire Station 11
TX.PB16,TX,PB16,31.12496,-103.252,848.0,2019-02-13 00:00:00.000,,Coyonosa
TX.PB04,TX,PB04,31.18697,-103.2694,812.0,2019-02-12 00:00:00.000,,Verhalen
TX.237B,TX,237B,32.001499,-95.808403,116.0,2018-12-19 22:30:00.000,,"Washetta, Montalba, TX, USA"
TX.435B,TX,435B,30.7827,-97.585,248.0,2018-11-30 22:00:00.000,,"Jarrell, TX, USA"
TX.PCOS,TX,PCOS,31.408922,-103.510147,788.2,2019-03-31 17:20:04.000,,Crockett Middle School Pecos
TX.PB16A,TX,PB16A,31.12496,-103.252,848.0,2019-02-13 00:00:00.000,2019-04-10 21:30:00,Coyonosa Test
TX.PB09,TX,PB09,31.774145,-104.301444,1139.0,2019-05-22 00:00:00.000,,Culberson County
TX.PB13,TX,PB13,31.5542,-103.8458,956.1,2019-04-25 00:00:00.000,,Reeves - Culberson Border
TX.PB14,TX,PB14,31.12932,-103.1511,807.0,2019-06-27 01:00:00.000,,Weatherby Road
TX.PB18,TX,PB18,31.20084,-103.1996,825.0,2019-06-28 01:00:00.000,,Southwest of Coyanosa
TX.SN05,TX,SN05,32.87838,-100.88431,724.0,2017-03-09 00:00:00.000,2019-07-31 22:38:27,Snyder 5
TX.PH02,TX,PH02,35.39086,-101.946743,1094.0,2018-10-25 00:00:00.000,,Texas Public Hunt System CROSS BAR MGT.AREA
TX.EF00,TX,EF00,29.12809,-98.38039,173.0,2018-02-02 00:00:00.000,2019-09-08 23:59:59,Eagle Ford 0
TX.FLRS,TX,FLRS,29.12809,-98.38039,173.0,2019-09-09 00:00:00.000,,Floresville
TX.PB21,TX,PB21,31.341918,-103.06216,753.0,2019-09-11 20:00:00.000,,Reeves Ward Border
TX.SN01,TX,SN01,32.86147,-100.88986,717.0,2017-03-09 00:00:00.000,2019-09-30 19:10:00,Snyder 1
TX.SN09,TX,SN09,32.672969,-100.739412,663.0,2019-10-01 00:00:00.000,,Hermleigh
TX.MLDN,TX,MLDN,29.822212,-97.068723,104.0,2017-08-04 16:08:37.000,,Muldoon
TX.SNAG,TX,SNAG,31.51818,-94.17877,84.0,2017-08-07 17:18:26.000,,San Augustine
TX.TREL,TX,TREL,32.73039,-96.08933,174.0,2017-08-07 21:41:27.000,,Terrell
TX.PLPT,TX,PLPT,32.81276,-98.31578,336.0,2017-08-08 16:10:01.000,,Palo Pinto
TX.DRZT,TX,DRZT,36.44401,-100.29688,791.0,2017-08-09 17:51:51.000,,Perryton
TX.RTBA,TX,RTBA,36.43795,-102.73743,1284.0,2017-08-10 19:47:23.000,,Rita Blanca
TX.SN04,TX,SN04,32.89878,-100.86952,716.0,2017-03-09 00:00:00.000,,Snyder 4
TX.ALPN,TX,ALPN,30.37448,-103.63852,1368.0,2017-02-03 19:01:46.000,,Alpine
TX.PB29,TX,PB29,31.75299,-104.514453,1242.0,2020-03-06 00:00:00.000,,Culberson North
TX.PB28,TX,PB28,31.66864,-104.50077,1204.0,2020-03-05 22:00:00.000,,Culberson South
TX.PB27,TX,PB27,31.57632,-103.1307,812.3,2019-07-23 23:42:00.000,2020-04-13 20:00:00,North of Pyote
TX.PB19,TX,PB19,31.303087,-103.099701,782.4,2019-05-23 16:06:22.000,,West of Imperial
TX.PB02,TX,PB02,31.408951,-103.510162,792.0,2017-01-27 00:00:00.000,2020-07-30 13:00:00,Crockett Middle School (Pecos)
TX.PB15,TX,PB15,31.2114,-103.08439,743.0,2019-06-27 12:00:00.000,2020-09-01 20:46:00,South of Coyonosa
TX.DG01,TX,DG01,31.377576,-103.271077,787.0,2019-11-21 00:00:00.000,,Pecos City Water
TX.DG03,TX,DG03,31.38856,-103.48416,830.0,2020-03-06 18:00:00.000,2023-11-30 19:37:26,CR 118
TX.DG02,TX,DG02,31.40151,-103.54313,804.0,2020-05-22 16:30:29.000,,Reeves Cemetery
TX.DG04,TX,DG04,31.28734,-103.41261,795.0,2020-06-02 20:33:00.000,,CR 113
TX.DG05,TX,DG05,31.17007,-103.493279,837.0,2020-06-02 22:34:00.000,,CR 112
TX.DG06,TX,DG06,31.4124,-103.4845,785.0,2020-06-03 16:37:00.000,,Reeves County Rodeo
TX.DG07,TX,DG07,31.452888,-103.52788,794.0,2020-06-04 00:00:00.000,,CR 405
TX.DG08,TX,DG08,31.19053,-103.7242,895.0,2020-06-04 17:00:00.000,,CR 336
TX.DG09,TX,DG09,31.37222,-103.51277,795.0,2020-06-04 20:00:00.000,,City of Pecos Landfill
TX.OG01,TX,OG01,31.934943,-102.305318,892.0,2020-07-08 22:30:00.000,,Odessa NE
TX.OG02,TX,OG02,31.954503,-102.323853,909.0,2020-07-09 22:30:00.000,,Odessa NNE
TX.OG03,TX,OG03,32.02737,-102.4867,921.0,2020-09-09 16:00:00.000,2023-11-01 20:26:23,Gardendale
TX.OG04,TX,OG04,31.92935,-102.35986,805.0,2020-11-17 18:00:00.000,,Ratcliff Ranch Golf Links
TX.PB33,TX,PB33,31.534929,-104.054045,1006.0,2020-06-03 22:00:00.000,,Gresham
TX.HNVL,TX,HNVL,30.75643,-95.466664,87.0,2017-04-06 21:41:12.000,2021-12-09 19:15:39,Huntsville
TX.MB10,TX,MB10,32.2651,-101.792,813.0,2021-03-31 21:06:10.000,,Stanton
TX.CRHG,TX,CRHG,32.28884,-94.22517,95.0,2021-06-15 17:00:01.000,,Carthage
TX.INDO,TX,INDO,28.467247,-100.298344,721.0,2021-05-20 13:00:00.000,2025-12-31 16:38:41,"El Indio, TX"
TX.PB34,TX,PB34,31.676667,-104.037778,969.3,2021-07-06 00:00:00.000,,Salt Mine 2
TX.ELG6,TX,ELG6,28.4816558,-100.3263558,229.0,2021-06-30 13:00:00.000,,"SSW of El Indio, TX"
TX.PB03,TX,PB03,31.08384,-103.51395,871.0,2017-11-13 00:00:00.000,2021-07-28 03:29:59,Verhalen
TX.PB22,TX,PB22,31.21173,-103.077,808.0,2020-09-03 15:00:00.000,2021-07-27 22:59:59,South of Coyonosa
TX.FW03,TX,FW03,33.039624,-98.065202,321.0,2016-10-18 00:00:00.000,2021-06-16 20:46:00,Perrin-Whitt Elementary School
TX.MB11,TX,MB11,32.146839,-101.972645,812.0,2021-10-05 01:00:00.000,,Midland Basin
TX.MB06,TX,MB06,31.9779827,-101.7999756,801.0,2022-03-26 19:36:26.000,,"Greenwood, TX"
TX.PB31,TX,PB31,31.73226,-104.030536,907.0,2022-05-19 15:00:01.000,,Salt Creek
TX.FW02,TX,FW02,32.95019,-97.34255,226.5,2022-06-08 21:40:01.000,,City of Haslet
TX.FW04,TX,FW04,32.84763,-96.92325,144.8,2022-06-07 20:16:01.000,,University of Dallas
TX.FW07,TX,FW07,32.702466,-97.786092,310.9,2022-06-09 15:02:01.000,,Weatherford
TX.FW09,TX,FW09,32.92282,-96.913922,133.3,2022-06-08 15:09:01.000,,Farmers Branch
TX.FW05,TX,FW05,32.988669,-96.747081,207.3,2022-06-08 14:14:01.000,,UT at Dallas
TX.FW01,TX,FW01,32.684047,-96.87833,203.4,2022-06-07 16:44:01.000,2030-02-20 23:57:47,Dallas Executive Airport
TX.FW13,TX,FW13,32.35172,-97.43112,259.0,2022-07-06 14:35:46.000,,Cleburne
TX.FW14,TX,FW14,32.3991,-97.1923,219.0,2022-07-07 18:45:47.000,,Avarado
TX.FW15,TX,FW15,32.7044,-97.3695,192.0,2022-07-08 13:50:32.000,,TCU
TX.FW11,TX,FW11,32.72273,-97.12787,197.5,2022-07-08 21:16:11.000,,UT at Arlington
TX.PB35,TX,PB35,31.656187,-104.43203,1224.0,2022-07-27 00:00:00.000,,UTL Block 46
TX.MB12,TX,MB12,32.368611,-101.602778,775.6,2022-07-13 18:26:37.000,,"Knott, TX"
TX.PB37,TX,PB37,31.71847,-104.528416,1263.0,2022-07-29 00:00:00.000,,UTL Block  46
TX.PB38,TX,PB38,31.72972,-104.426634,1240.0,2022-07-29 00:00:00.000,,UTL Block 46
TX.PB40,TX,PB40,31.6419935,-103.9339588,935.0,2022-08-21 00:00:00.000,,KInetik
TX.MB13,TX,MB13,32.321431,-101.633469,774.0,2022-09-29 13:00:00.000,,SM Energy Delphin SWD
TX.PB43,TX,PB43,31.680019,-103.864872,896.0,2022-09-23 00:00:00.000,,APC/Westernmidstream
TX.FW06,TX,FW06,32.972559,-97.55693,233.0,2022-07-09 23:01:00.000,,Azle
TX.FW12,TX,FW12,32.499076,-97.148597,203.9,2022-10-05 15:00:31.000,,Venus
TX.PB30,TX,PB30,31.2804,-103.3227,829.0,2022-10-12 18:00:01.000,,Pecos City Water South
TX.PB20,TX,PB20,31.6281,-104.06179,1022.0,2022-07-10 16:30:00.000,,Ringtail SWD
TX.PB23,TX,PB23,31.66404,-104.07276,1005.0,2022-07-10 22:30:00.000,,Bighorn SWD
TX.PB24,TX,PB24,31.61979,-104.01776,997.0,2022-07-11 16:00:00.000,,Broken Spoke SWD
TX.PB25,TX,PB25,31.58308,-104.07019,1037.0,2022-07-11 19:00:00.000,,Penner SWD
TX.PB26,TX,PB26,31.57819,-104.12579,1065.0,2022-07-10 19:00:00.000,,Mule Deer SWD
TX.PB36,TX,PB36,31.680262,-104.425899,1218.0,2022-07-27 00:00:00.000,,UTL Block 46
TX.MB05,TX,MB05,32.6265397,-101.8597158,882.0,2022-11-17 15:00:00.000,,Klondike
TX.PB07,TX,PB07,31.57935,-103.66793,856.0,2022-12-12 20:00:01.000,,Mentone
TX.PB32,TX,PB32,31.10306,-103.37278,861.0,2022-12-13 17:30:00.000,,CR 111
TX.MB01,TX,MB01,31.6677338,-102.0829098,859.0,2023-01-10 18:02:09.000,,Midkiff
TX.ET01,TX,ET01,31.46512,-94.36497,97.0,2023-01-25 22:04:00.000,,Chireno
TX.SN07,TX,SN07,33.09092,-100.89172,620.0,2023-02-09 18:00:00.000,,Snyder 7
TX.MB17,TX,MB17,32.031106,-102.04114,852.0,2023-02-16 20:55:25.000,,NE of Midland
TX.MB18,TX,MB18,32.082143,-102.171812,871.0,2023-02-16 20:55:25.000,,NW of Midland
TX.PB44,TX,PB44,31.92377,-103.986965,894.0,2023-03-08 12:55:25.000,,W of Red Bluff Resovoir
TX.MB03,TX,MB03,31.741898,-100.615009,734.0,2023-04-19 12:00:00.000,2033-04-20 22:35:03,TX-MB03
TX.MB19,TX,MB19,32.396522,-101.71205,786.0,2023-05-03 14:00:00.000,,Endeavor Energy Resources
TX.PB51,TX,PB51,31.940163,-103.381836,978.0,2023-05-18 02:00:00.000,,"Mentone, TX"
TX.PB17,TX,PB17,30.99675,-103.15182,734.0,2023-06-15 04:30:00.000,,Fort Stockton
TX.MB22,TX,MB22,32.518495,-101.721534,857.0,2022-07-11 17:00:00.000,,Rockfish
TX.MB02,TX,MB02,31.19806,-102.037907,767.7,2023-07-25 17:13:40.000,,Rankin
TX.SAND,TX,SAND,29.95471,-102.12331,688.8,2023-07-26 15:28:26.000,,Sanderson
TX.HBVL,TX,HBVL,27.064992,-98.669634,155.0,2023-08-02 14:46:00.000,,Hebbronville
TX.MB08,TX,MB08,31.884448,-102.328853,863.0,2023-08-08 23:53:36.000,,UTPB
TX.MB23,TX,MB23,32.386609,-101.800869,791.0,2023-08-09 14:22:46.000,,Endeavor Energy Resources
TX.ODSA,TX,ODSA,32.12009,-102.54913,943.0,2023-08-31 03:00:00.000,,Odessa
TX.PECS,TX,PECS,31.37045,-103.86697,914.0,2023-08-31 03:00:00.000,,Pecos
TX.833A,TX,833A,28.3236,-99.3939,171.0,2023-09-06 21:41:37.000,,Chaparral WMA
TX.MB25,TX,MB25,32.02737,-102.4867,921.0,2023-11-01 20:26:44.000,,Gardendale
TX.PB39,TX,PB39,31.721691,-104.060349,950.0,2023-11-04 19:57:53.000,,Salt Mine 1
TX.PB46,TX,PB46,31.706947,-103.475133,878.0,2023-11-08 15:53:56.000,,UL B19S6
TX.PB47,TX,PB47,31.741433,-103.3351,861.0,2023-11-08 15:53:56.000,,UL B20S4
TX.MB16,TX,MB16,32.337047,-102.236844,904.0,2023-11-29 19:26:20.000,,"Midland, TX"
TX.DG10,TX,DG10,31.392949,-103.488839,790.0,2023-11-30 19:37:39.000,,CR 118
TX.PB52,TX,PB52,31.778746,-103.283161,861.0,2024-02-22 12:00:00.000,,TARGA Bullmoose
TX.PB53,TX,PB53,31.79929,-103.23596,867.0,2024-02-22 12:00:00.000,,TARGA Wildcat
TX.YK01,TX,YK01,33.110552,-103.008071,1150.0,2024-02-27 18:35:05.000,,"NW of Denver City, TX"
TX.MB04,TX,MB04,32.62542,-102.48802,956.0,2024-02-27 21:06:33.000,,Seminole
TX.MB14,TX,MB14,32.209722,-101.618194,814.0,2024-02-27 23:08:21.000,,CrownQuest
TX.DRIO,TX,DRIO,29.42311,-100.61888,354.0,2024-03-05 17:48:14.000,,Del Rio
TX.PB54,TX,PB54,31.894457,-103.416746,940.0,2024-03-07 00:00:00.000,,D.K.Boyd
TX.PB56,TX,PB56,31.8032778,-103.8703449,867.0,2024-03-20 14:00:00.000,,BPX Cardinal SWD
TX.PB55,TX,PB55,31.8028225,-103.9381042,913.0,2024-03-20 14:00:00.000,,BPX Bishop SWD
TX.PB57,TX,PB57,31.7692277,-103.965278,919.0,2024-03-20 14:00:00.000,,BPX B57T2S45
TX.PB58,TX,PB58,31.699787,-103.932653,895.0,2024-04-04 18:01:44.000,,BPX B57T3S26 on GLO
TX.MNHN,TX,MNHN,31.34023,-102.76141,750.0,2024-04-10 22:57:36.000,,Monahans
TX.EF08,TX,EF08,28.884991,-99.110482,182.0,2024-04-17 11:00:00.000,,Pearsall
TX.EF06,TX,EF06,28.75082,-99.865593,186.0,2024-04-18 21:46:16.000,,Crystal City
TX.PB59,TX,PB59,31.889954,-104.81204,1705.0,2024-04-25 12:00:00.000,,Pine Springs TxDot
TX.SN08,TX,SN08,32.782579,-101.060724,758.0,2024-05-02 14:33:54.000,,Arah
TX.HNDO,TX,HNDO,29.5288,-99.28081,381.0,2024-06-05 15:58:23.000,,Hondo
TX.MB21,TX,MB21,32.343507,-101.727966,788.0,2024-06-06 20:23:18.000,,Endeavor
TX.SN10,TX,SN10,33.04918,-100.72388,658.0,2024-06-07 20:55:00.000,,Rotan
TX.MB15,TX,MB15,32.393918,-102.165848,855.0,2024-06-12 23:37:51.000,,"UL Block 19, Section 6"
TX.ET02,TX,ET02,31.587117,-94.108269,143.0,2024-07-11 12:00:00.000,,Atheon
TX.EF07,TX,EF07,28.983735,-98.017968,95.0,2024-09-06 08:00:00.000,,"Falls City, TX"
TX.EF09,TX,EF09,27.887311,-98.601123,156.0,2024-09-13 16:00:00.000,,City of Freer
TX.MB07,TX,MB07,32.00061,-102.25277,880.0,2024-09-26 20:19:44.000,,West Midland
TX.MB09,TX,MB09,32.3391,-101.82,798.5,2024-05-07 20:00:01.000,,Lenorah
TX.SMWD,TX,SMWD,35.10455,-100.24248,704.0,2024-10-31 14:34:25.000,,Samnorwood
TX.PB41,TX,PB41,31.284782,-103.009892,783.0,2024-12-06 13:00:00.000,,Continental Resources
TX.PB42,TX,PB42,31.764578,-103.640224,830.0,2024-04-04 20:32:26.000,,P&M Jones Ranch
TX.DFG03,TX,DFG03,32.848849,-96.898925,124.0,2025-01-23 19:01:03.000,,BEG
TX.DFG04,TX,DFG04,32.831061,-96.921362,125.0,2025-01-23 21:55:00.000,,BEG
TX.DFG07,TX,DFG07,32.576212,-97.203503,198.0,2025-01-24 16:35:00.000,,BEG
TX.DFG06,TX,DFG06,32.461957,-97.155079,197.0,2025-01-24 17:46:00.000,,BEG
TX.DFG05,TX,DFG05,32.432535,-97.103151,193.0,2025-01-24 21:00:00.000,,BEG
